"Txhash","Blockno","UnixTimestamp","DateTime","From","To","Quantity","Method"
"0x4b8d0a75f52b7cecd706ba08940884aec822c9308838d93456c3bd1f736343a4","13090045","1638317795","2021-12-01 00:16:35","0x4a63f4113eb45d8f25132757005a5be5bf4951c0","0xfab165bcfc69a45d541199bb64b42ce8227fd08a","44","Buy"
"0x64ff3a0401f4deb63a4287e3a77c5fc6102093bdb8bf4ab4e001cbba0af1e702","13090318","1638318632","2021-12-01 00:30:32","0x4a63f4113eb45d8f25132757005a5be5bf4951c0","0x224b135aee6b9303bcf9c7345bcd16e40f31db01","48.4","Buy"
"0xc142d68e0b92156a3d973ad61d08982d4414c5260b57701fcffd83469e43e9b7","13090547","1638319423","2021-12-01 00:43:43","0x4a63f4113eb45d8f25132757005a5be5bf4951c0","0xfb4d1ace6496f57f5f3bc08fb177d676af71b792","88","Buy"
"0xcdf23382f9c99eb32ccb381e3b645087c0b94891cec5fa17975c6492bd778230","13090784","1638320243","2021-12-01 00:57:23","0x4a63f4113eb45d8f25132757005a5be5bf4951c0","0xc3b433e8770609d31e7ad1578a956ba06812fdda","10","Buy"
"0x58522a3313d92b337d53f5ca9b2d231b0bfd3c99dd223f2274e19422402bb825","13091489","1638322395","2021-12-01 01:33:15","0x4a63f4113eb45d8f25132757005a5be5bf4951c0","0x224b135aee6b9303bcf9c7345bcd16e40f31db01","290","Buy"
"0x59caf6f41bd7930936e05fa73b942c0fbdd353d24670f9f0ec5c833c88f25a86","13091528","1638322531","2021-12-01 01:35:31","0x4a63f4113eb45d8f25132757005a5be5bf4951c0","0xfab165bcfc69a45d541199bb64b42ce8227fd08a","44","Buy"
"0x7f404c5358d720ee6c696ad6d79e71e536e70406c08e51795fbff6723b8280b9","13095292","1638334653","2021-12-01 04:57:33","0x4a63f4113eb45d8f25132757005a5be5bf4951c0","0xd09344023247322dca88aad0c52a3f29f0f7a716","567","Buy"
"0x5d2773200d21f2bcd4c6c282c9677c9166f764e34421b7ca59904b1f8ac71af3","13095436","1638335097","2021-12-01 05:04:57","0x4a63f4113eb45d8f25132757005a5be5bf4951c0","0x0f2ad2eb62c94d8719edc1e479f5e6e9311ecb34","88","Buy"
"0x95a2759a9fcae6c52d241570c429155f5ae5f9c14e39919e7eab8a4d1d61af9d","13097650","1638341795","2021-12-01 06:56:35","0x4a63f4113eb45d8f25132757005a5be5bf4951c0","0xfeb9108de6b22cfd7e06f3a9f0b77578b174ce0c","100","Buy"
"0x2860ebf1a0ccc7759b834adeac3a749e12bd5e7c9b33f1dc85c9b211455d92dc","13102659","1638359706","2021-12-01 11:55:06","0x4a63f4113eb45d8f25132757005a5be5bf4951c0","0x025767c4a60b6492894130c3aa8d8eaa77309c3b","51","Buy"
"0x805d038ab3cd4cc6cedcab95fa5224ec5e89752a4ac1419da540fd4772922cea","13102815","1638360233","2021-12-01 12:03:53","0x4a63f4113eb45d8f25132757005a5be5bf4951c0","0xc604dc32e2a2db65557092f7a399de8f532cb0e6","212","Buy"
"0x1ba26ef73b8dff13a9df18d32078a3d467ac4fe1b8e166b18ed6c80b86ba58ff","13103626","1638363271","2021-12-01 12:54:31","0x4a63f4113eb45d8f25132757005a5be5bf4951c0","0xc604dc32e2a2db65557092f7a399de8f532cb0e6","155","Buy"
"0x4c542378b4a62629028f721104aa51c1dc9c1ca1c06877bef958d1f1355ad1a4","13105177","1638368403","2021-12-01 14:20:03","0x4a63f4113eb45d8f25132757005a5be5bf4951c0","0x8aaa1043b9ecfdbaeea2ec3e545c89669639196a","88","Buy"
"0x5fae65504dc347395b53f1b3a10a507a78b87c83a34c611ccd021914c6ce27ca","13110292","1638384840","2021-12-01 18:54:00","0x4a63f4113eb45d8f25132757005a5be5bf4951c0","0xecd6f805647ab8ba1382671dc3b4fd9511e98cbd","11","Buy"
"0x11b51291b0d7533d07facd0e654479381e09222032e00f69a05a782212b58629","13111532","1638388650","2021-12-01 19:57:30","0x4a63f4113eb45d8f25132757005a5be5bf4951c0","0x78727cb31aeb76ffcb8351194502d7a2c4655031","55","Buy"
"0x1571832b3f6e52c1a0fdaa328b3194a6f23059b4e78e9dbc3697cc982313dcd7","13115060","1638399272","2021-12-01 22:54:32","0x4a63f4113eb45d8f25132757005a5be5bf4951c0","0xfdb691bbdbac3db0199af406f3b920f4db89c54e","12","Buy"
"0x6d75620759f29e5f7df7b46a10325dc4ad481450806c8b82023f2f471403ddc5","13115896","1638401781","2021-12-01 23:36:21","0x4a63f4113eb45d8f25132757005a5be5bf4951c0","0x9fc80f681523489fbd669e2856765224ba437cff","10","Buy"
"0x31393210dfea0b33e808c6a6d2bdc19cb2a828dd5f6366c53d435142150ba6a5","13118140","1638408927","2021-12-02 01:35:27","0x4a63f4113eb45d8f25132757005a5be5bf4951c0","0x6711fce5d8b1e407f0f6ed28bf00a46e7864c49d","88","Buy"
"0xcc11c9ba7a3464d17066020ceb8b83e738e3dec250236b435c19696718b97de6","13119134","1638412193","2021-12-02 02:29:53","0x4a63f4113eb45d8f25132757005a5be5bf4951c0","0xb3d01be4d75486538c59b62753f9267b18771a29","88","Buy"
"0x1e55c9cb7ea7a243b48669417ce1ecf3d4cd0676667ed107e592ce420559e034","13121947","1638421607","2021-12-02 05:06:47","0x4a63f4113eb45d8f25132757005a5be5bf4951c0","0xf362ee5ba035c54600c4735c281685f454be6da1","4","Buy"
"0x916999d35fab76717588f4eb65586dba7ef62c004cd97298cf357c59ddcaaf48","13123100","1638425116","2021-12-02 06:05:16","0x4a63f4113eb45d8f25132757005a5be5bf4951c0","0xc5287768bfee027a7740d842d74b168e6866fd59","3","Buy"
"0xcde36e6f8fb0c5160a8e34ce15a499d90536660830beb2f8ecd35333a0cc686e","13126523","1638435694","2021-12-02 09:01:34","0x4a63f4113eb45d8f25132757005a5be5bf4951c0","0x5df060159439aa437af660e2ed090433fe446fec","10","Buy"
"0xdf8e6b6909d62d0d40dd3e01dda25ec0b7cbd1f805108aa80f12d8e465f583ca","13133424","1638456963","2021-12-02 14:56:03","0x4a63f4113eb45d8f25132757005a5be5bf4951c0","0xc9a14301dee10705d8811bf647cb1b68b642a684","89","Buy"
"0xde45bece8447b5062e493905453d310a6e0acfebb0975e3a8f19e10b6b0c021f","13134839","1638461362","2021-12-02 16:09:22","0x4a63f4113eb45d8f25132757005a5be5bf4951c0","0xfab165bcfc69a45d541199bb64b42ce8227fd08a","88","Buy"
"0x3d6f1c2ea13a3f99502c366d8f815ea8a45f1cb31a990b98ea2749a0f31f4a2c","13135171","1638462414","2021-12-02 16:26:54","0x4a63f4113eb45d8f25132757005a5be5bf4951c0","0x0ba5a021ed12dd34915025c441f569d6249e952c","10","Buy"
"0xb69278f736a45aaf7ad57f27d16e5af377001644a1c198feccce00a6af717d66","13136171","1638465430","2021-12-02 17:17:10","0x4a63f4113eb45d8f25132757005a5be5bf4951c0","0xd2ed52e69064aa449f3d4b585b14e5719aa29792","5","Buy"
"0x22c95506b379c41eacfcf97a7bda73352c52e2182aaaf0443aa5d1f234b43d86","13136262","1638465703","2021-12-02 17:21:43","0x4a63f4113eb45d8f25132757005a5be5bf4951c0","0xd2ed52e69064aa449f3d4b585b14e5719aa29792","5","Buy"
"0xe9bbf05ec7c2aa0c05b5ddebe161e8ca3d699da1de89a8bbd4e92836d83ab35f","13138792","1638473297","2021-12-02 19:28:17","0x4a63f4113eb45d8f25132757005a5be5bf4951c0","0xafa686dfd5747cf4b2997d840d077fb7900119e0","10.5","Buy"
"0x759ef225e2ca5b823c603898ccf1dec310b488d56426abf8684d453c79624e11","13138814","1638473363","2021-12-02 19:29:23","0x4a63f4113eb45d8f25132757005a5be5bf4951c0","0x14694c7da9a2763b57a1bcdde50ca81d087975d5","10","Buy"
"0x3fe81fafec473a3b38d996619cf6cf074f41fcb3a0c53695cc5e2d5176526ccf","13138862","1638473507","2021-12-02 19:31:47","0x4a63f4113eb45d8f25132757005a5be5bf4951c0","0xf6c6f96753f7cbe74abe79657dd39e427a96afe4","505","Buy"
"0xb30aa9bc7c7f4cc77ac44f99d9f18a5e8d59938eb88c2cf95357ebd4ab77cf47","13139450","1638475283","2021-12-02 20:01:23","0x4a63f4113eb45d8f25132757005a5be5bf4951c0","0x7c081c0bac45560a0062e42364653efbfd2d7f93","178","Buy"
"0xd180520b6ae618b76f757a1274d421b45a5fffcea2f53600be69711f7fb81c98","13139817","1638476384","2021-12-02 20:19:44","0x4a63f4113eb45d8f25132757005a5be5bf4951c0","0xbac2a9143a5f3f85f7cb02a4d6752a918589afcd","16","Buy"
"0x3bcc6d9fbdcc3c27043052bc57018a5da2a54d93290c94c6d8e147da80f2e19b","13140688","1638479003","2021-12-02 21:03:23","0x4a63f4113eb45d8f25132757005a5be5bf4951c0","0xdc0844c01ca474c52056d1d9d0cf5386f103ce15","100","Buy"
"0x65a7a7ca34aaa385e7c333d94c3d01ff96e4eda1b12e8a9b018bbe4f3ca6bbf8","13141295","1638480824","2021-12-02 21:33:44","0x4a63f4113eb45d8f25132757005a5be5bf4951c0","0xe4171b6619b5299861a542a7d11a4a3619b64ee5","10","Buy"
"0x489a27e68f83a410bbce3d38addb61086d819353668db2340cdee6c8bef2e1ff","13142211","1638483605","2021-12-02 22:20:05","0x4a63f4113eb45d8f25132757005a5be5bf4951c0","0x9b76d017d260b4058b5427a7eef4c1946d2212d1","110","Buy"
"0xb156b33aa441e1a6031715b2e63bd9219fd7b15964e4202f6b5fa2a580559c89","13142683","1638485021","2021-12-02 22:43:41","0x4a63f4113eb45d8f25132757005a5be5bf4951c0","0xd2bd4cfaf91ead32f26d5ca1bf268246151e0e18","88","Buy"
"0x680414dd44ebc6452ed52593438fdd4d47a1371977a6ba7964bf0df9756ec165","13142909","1638485699","2021-12-02 22:54:59","0x4a63f4113eb45d8f25132757005a5be5bf4951c0","0xc87e0633e3d516f8a7ad48315404516c80b66553","10","Buy"
"0xaebd5119db6f67f48924a9e7cb838506d223aacc1ed5eeb3c5fd276ba804170e","13143067","1638486173","2021-12-02 23:02:53","0x4a63f4113eb45d8f25132757005a5be5bf4951c0","0xc87e0633e3d516f8a7ad48315404516c80b66553","3","Buy"
"0x3ff25460f4a1656d86b1c9672b547568146550a84a8fff612b96a2a79ec6aead","13143264","1638486764","2021-12-02 23:12:44","0x4a63f4113eb45d8f25132757005a5be5bf4951c0","0x72a07660ac7527e44f4a8dd6207c19db9ecfd196","30","Buy"
"0x2e1a9e2db49faaf0d75e97494e798e378784ff6dfe9ba6da8bf9cac8eac8f1f9","13144172","1638489488","2021-12-02 23:58:08","0x4a63f4113eb45d8f25132757005a5be5bf4951c0","0xbe6e38b1ddf0418de215073dd2e77b893928452b","120","Buy"
"0x629f03a6135d1172bb93ea903c2e8ca69788d0429cc2bb3ac28b425eff1d2c42","13144255","1638489737","2021-12-03 00:02:17","0x4a63f4113eb45d8f25132757005a5be5bf4951c0","0x8d91e666c69f24915d4428cd4c45967828398c9f","140","Buy"
"0x55bb5a83ec34b6c3fd15c6b3eaf52f03c8ca893e3b2337f2574de61413e914ce","13144346","1638490010","2021-12-03 00:06:50","0x4a63f4113eb45d8f25132757005a5be5bf4951c0","0x7575fada4d1e8d4e0e2abb5b053718af83a533a5","216","Buy"
"0x420a2c6314d32d2b845b810072c61e57164256a696aeb392b268fc47b1a5ac0b","13146043","1638495103","2021-12-03 01:31:43","0x4a63f4113eb45d8f25132757005a5be5bf4951c0","0xc8e6737d4a0f00b35ed247a112e74e2f2a641158","10","Buy"
"0x1c545a6a7cf82efa095043ae744052d353adb2cd8fce0f72f5d629647b0849fa","13146135","1638495379","2021-12-03 01:36:19","0x4a63f4113eb45d8f25132757005a5be5bf4951c0","0x3f793b898d509e75c38ece2edeca328265b1eafc","10","Buy"
"0x285137b16dc62a6c9110c3b670b4600f4920790f500fb59b208c4b2c6c760056","13146153","1638495433","2021-12-03 01:37:13","0x4a63f4113eb45d8f25132757005a5be5bf4951c0","0x9f13459fbfd81ebd2e6f18276a925ba16cee21d2","10","Buy"
"0xff203e3fc8c99275e06f56e3536525feea23f2627f2c5490cd1b5aa0a7ff1ec1","13146236","1638495682","2021-12-03 01:41:22","0x4a63f4113eb45d8f25132757005a5be5bf4951c0","0x5f3c2e60239236f7131aafec9f7c1332f1db0146","22","Buy"
"0x39a3a1f32cc7d4333cfc733f06668154bac250a8f3874b64685be3b74d05d5c7","13146564","1638496688","2021-12-03 01:58:08","0x4a63f4113eb45d8f25132757005a5be5bf4951c0","0xc73f83ceeac585351d9b797847137d71ac369c5f","10","Buy"
"0x2dd0adda8e6b2aa444ada300a95fad56bef7ed1b9bdae4c8376c62ccba4d5f60","13146766","1638497294","2021-12-03 02:08:14","0x4a63f4113eb45d8f25132757005a5be5bf4951c0","0x8d2316cf4e04561ed93c1a3240dfdf29ed854917","10","Buy"
"0x5582390d5e6fbe9fe52c3b68a8e6f7fc2f836daeebd8e99a8c46966c0eb51888","13146936","1638497804","2021-12-03 02:16:44","0x4a63f4113eb45d8f25132757005a5be5bf4951c0","0x499c81be746c50bbfd3fc9d13e2761c2385db78c","3.1","Buy"
"0x81635140e622a64c9a0da1b304f1b24898dfe72ca8bd72adc6771facf2c26631","13146998","1638497990","2021-12-03 02:19:50","0x4a63f4113eb45d8f25132757005a5be5bf4951c0","0x16ab8d32a672d1f024d8c5cbd4a0318a6d3823c1","3","Buy"
"0x5055657e1614b97f30c7c3f3921b69b74b8a9c237ed9248e5b8ad5167f4e3cfe","13147774","1638500324","2021-12-03 02:58:44","0x4a63f4113eb45d8f25132757005a5be5bf4951c0","0xff4c18e3b72759572296a282e7766229f479ae4e","4.1","Buy"
"0xe1803c0a605e0b803ed267079cae146f8841acc673f00fee5481d1543f07c4c0","13148255","1638501800","2021-12-03 03:23:20","0x4a63f4113eb45d8f25132757005a5be5bf4951c0","0x25d04a15b1a70bfa519ee8c6989e5980e681a06a","10","Buy"
"0xd7a623a375cd0e9fdaf71e255bb18f15b797c58634386b389dc97a3cc1bcb5c4","13148607","1638502872","2021-12-03 03:41:12","0x4a63f4113eb45d8f25132757005a5be5bf4951c0","0x5ce5bfce030ac8bc186a4977f3717fa4951ea5ac","10","Buy"
"0x0d778def7774f1b6751887e7e329744c318b8aa07510f6eec5f3ce594341482a","13148756","1638503319","2021-12-03 03:48:39","0x4a63f4113eb45d8f25132757005a5be5bf4951c0","0x5ce5bfce030ac8bc186a4977f3717fa4951ea5ac","8","Buy"
"0x642f4aee71e866189038d47a0c12d3fa6e69c3f990cd7df709cb7ceb44d96b6b","13148782","1638503397","2021-12-03 03:49:57","0x4a63f4113eb45d8f25132757005a5be5bf4951c0","0x833d62660cb2398cf3622789834a1fc43ab5c957","9.8","Buy"
"0xf1e9df95c9033ea631117973c5c452fc760fbf56150f96f7f08d5e10bc894679","13148893","1638503730","2021-12-03 03:55:30","0x4a63f4113eb45d8f25132757005a5be5bf4951c0","0x889a88a5e3b8fd48caf5c051545a14e2f0530071","9.9","Buy"
"0x44215a48aa7e1e10680fe24a97171553a5ab89d86b64f8c918d9f4aabdd5736c","13149017","1638504102","2021-12-03 04:01:42","0x4a63f4113eb45d8f25132757005a5be5bf4951c0","0xb729b055c3920f0655a5c867eeb2fa74a3a2f903","1.6","Buy"
"0x2517b08e51933b755c34b2767e06fa588665c2ef873fc6397311b088a1ed659e","13149080","1638504291","2021-12-03 04:04:51","0x4a63f4113eb45d8f25132757005a5be5bf4951c0","0x6ced6a081808f80169f6ec6b62d6defb03002f95","10","Buy"
"0x6f12d786199cfececf969eb03a4898eb004d29fd9055857ad36364574aace57b","13149953","1638506910","2021-12-03 04:48:30","0x4a63f4113eb45d8f25132757005a5be5bf4951c0","0x3cccce9092d9f0d8f927ea5f4706ed30baaa4a3f","10","Buy"
"0xae83cee0266efcbc8b500d54e2dbd3b8640b234c4aebf239abbc9e733eccb67a","13150137","1638507462","2021-12-03 04:57:42","0x4a63f4113eb45d8f25132757005a5be5bf4951c0","0x9266b8ff24e5168deaebff3330d3625a018b9243","30","Buy"
"0x4a7736e2c1201a03d7d877b5072ef8d09e1a356ffed0197bf10d2a617cb390d7","13150150","1638507501","2021-12-03 04:58:21","0x4a63f4113eb45d8f25132757005a5be5bf4951c0","0xba124bd176d95438c690560ff88162552d27ab82","9.9","Buy"
"0x3f00de5badcefd99fc14800a0865d1b475d8c5e19335c6c9d20df745adcc85d1","13150348","1638508100","2021-12-03 05:08:20","0x4a63f4113eb45d8f25132757005a5be5bf4951c0","0x7ccdc13fde8d83c8d29d3fdfb569bdbbd6dc116d","60","Buy"
"0x8316a9a79163dade4121ed159eadab1f28b2860dc269645bf6b256d87bb9a2ba","13150813","1638509599","2021-12-03 05:33:19","0x4a63f4113eb45d8f25132757005a5be5bf4951c0","0x0462b10676f1c05c16ac413c5fcf8fab2dd32b35","10","Buy"
"0x225c9a79e2bd4d47f7dae6e4d47c7e97b7357a7f81a9418235efefd5a71edeb3","13151506","1638511681","2021-12-03 06:08:01","0x4a63f4113eb45d8f25132757005a5be5bf4951c0","0xa8ea94e577949e2ee93aaa6291fc97367686067f","10","Buy"
"0x9d97984b944fcee4b40776c5dfd5f7280bf8b024e0b7ac18c03aef648e5c1c9d","13152167","1638513674","2021-12-03 06:41:14","0x4a63f4113eb45d8f25132757005a5be5bf4951c0","0x6bbef9494d9bab2800174ede2d748180469e92ca","10","Buy"
"0x2ecc8b092814ec79d9c40dbfeabeb782f770c1676448e0a099b78b6846a7e3a8","13153682","1638518265","2021-12-03 07:57:45","0x4a63f4113eb45d8f25132757005a5be5bf4951c0","0x45e028e59d793ffe8e916a4724db4c29541e5838","10","Buy"
"0x50f5122e1a2faedb932dd127877ad8973f1c9b499f5295b2a2a6c396a1d181d7","13153988","1638519183","2021-12-03 08:13:03","0x4a63f4113eb45d8f25132757005a5be5bf4951c0","0xa5cc08d928403f067e8c200aa9b14936e3a9693b","10","Buy"
"0x6630409d64108eaea6f7c5febf288b61d0f03d5cb8ad60abe7b8ef8d3e5b0ee1","13154358","1638520303","2021-12-03 08:31:43","0x4a63f4113eb45d8f25132757005a5be5bf4951c0","0x915f3d629224af290fbc050875f63cc420c27896","10","Buy"
"0xcfbb14a27b4e7cefef40f30f5e9183d97835b89a37252ec8c421395285ae7570","13154803","1638521701","2021-12-03 08:55:01","0x4a63f4113eb45d8f25132757005a5be5bf4951c0","0xa11533d661b8f9341a46a9ab4f71e62fcaf99034","725","Buy"
"0x49767bb64d87efd42a9021f887d69f6b62aa53dbe9f832d14e7d14d7cc072f15","13155031","1638522418","2021-12-03 09:06:58","0x4a63f4113eb45d8f25132757005a5be5bf4951c0","0x3cccce9092d9f0d8f927ea5f4706ed30baaa4a3f","10","Buy"
"0x9bd3dd19d34ef79ced8fca40daa55e8c5fe4ef50070714e78656fdd10998a934","13155208","1638523002","2021-12-03 09:16:42","0x4a63f4113eb45d8f25132757005a5be5bf4951c0","0x48a2403695023242bf901faa50361a41599a4919","8","Buy"
"0xf4a0f407000e9d9317ae92a7b82b60cb5e69b64eb9d7257173a38f255be1d716","13155401","1638523581","2021-12-03 09:26:21","0x4a63f4113eb45d8f25132757005a5be5bf4951c0","0x24b4c3742ee2ee903680fdb76ad0d98cbb8154b2","5.75","Buy"
"0x1ea0198e2c7491ac10c1663d3b299501d9eb797129b69bd1367fae0d7a083942","13155502","1638523884","2021-12-03 09:31:24","0x4a63f4113eb45d8f25132757005a5be5bf4951c0","0x4e3292074ef2a3e403f2d4683cf7bc2da720120c","21","Buy"
"0x77751d02cbd333148f96913ea82d4faada32a87fe60922e27ae9279a9798933f","13155557","1638524049","2021-12-03 09:34:09","0x4a63f4113eb45d8f25132757005a5be5bf4951c0","0xd1dd2e2b705a5e5a5fda2b14259c476ef687ed3a","2","Buy"
"0xfc5b417cfaf419be31381a4547b25e3ed23e1a480a63ae1f8a4ded08481f9c0e","13155851","1638524932","2021-12-03 09:48:52","0x4a63f4113eb45d8f25132757005a5be5bf4951c0","0xef79b7c6217fa04ca924be0ff2fc0100a3e6a20a","30","Buy"
"0x4141cce17e78e5f22cb40fb3c9ca3e123f03c8551b2c42257b5cc08ac2c3596b","13155887","1638525040","2021-12-03 09:50:40","0x4a63f4113eb45d8f25132757005a5be5bf4951c0","0x632aed3a9b4dfe23958f8b1895f956c9bc1d1fea","6","Buy"
"0xe340eb25c3c08eda1be81a5a99411331e4cf15c2933e28ff10c53101583ed725","13155893","1638525058","2021-12-03 09:50:58","0x4a63f4113eb45d8f25132757005a5be5bf4951c0","0xbac2a9143a5f3f85f7cb02a4d6752a918589afcd","10","Buy"
"0xfe072ae1e95759ed9ff4e8596ff7463587e9be52f9dfd9dae0c2d7c69182fd5b","13155945","1638525214","2021-12-03 09:53:34","0x4a63f4113eb45d8f25132757005a5be5bf4951c0","0x76b58a5f3bd3b54a4e1ab311f7f3a242ce00b161","5","Buy"
"0xa61c4afd87d5acaf6e699c9125a435bc80c0e1155944bb2b0def65fe1b330f17","13155956","1638525247","2021-12-03 09:54:07","0x4a63f4113eb45d8f25132757005a5be5bf4951c0","0x344f1c9c8edf390f7a706991e9ad0719823dc80b","10","Buy"
"0xfe67f1fb4a86528c2697428b0e9006d3d9ff1c7663c82c60678bffc8027c3030","13155958","1638525253","2021-12-03 09:54:13","0x4a63f4113eb45d8f25132757005a5be5bf4951c0","0xe017fe2e5540a0cd3afe86db8f69b12a060ab071","9.9","Buy"
"0xd5e26e712b7e18817ebee632f9b9805baffacbb6fe335fed10f95e8cdf771bab","13155983","1638525328","2021-12-03 09:55:28","0x4a63f4113eb45d8f25132757005a5be5bf4951c0","0x477ef57f9e580641eb86cc56f8c55c52ddbe5e33","10","Buy"
"0x3bd311f235dd98693eb570d4ffd8445a065c69488cbc560294fc092301cfcfe0","13155993","1638525358","2021-12-03 09:55:58","0x4a63f4113eb45d8f25132757005a5be5bf4951c0","0x71f2e4f0e3121f36768c34b551f534e2282e4391","10","Buy"
"0xd11bdf75a3069a85f7afaac50740ecb080fac4c62f7e6b543141d62043f65908","13155999","1638525376","2021-12-03 09:56:16","0x4a63f4113eb45d8f25132757005a5be5bf4951c0","0x5f3c2e60239236f7131aafec9f7c1332f1db0146","12","Buy"
"0xf01a7ffcf12702b4b1704815fd79856bb6c5105355046dd81f0e5f4ed75d42d3","13156013","1638525418","2021-12-03 09:56:58","0x4a63f4113eb45d8f25132757005a5be5bf4951c0","0x13c726a1ed400220cf287da0f1980a9f78170a1b","10","Buy"
"0x53faff592445013e0217e5aa7fce2bfdba0d9df50c627ad78ec2cc6505337122","13156016","1638525427","2021-12-03 09:57:07","0x4a63f4113eb45d8f25132757005a5be5bf4951c0","0x632aed3a9b4dfe23958f8b1895f956c9bc1d1fea","4","Buy"
"0x7fa06dffc7481930603c09effbadd22549a4df7ab8608c18a1da2dbacfd9c5cd","13156046","1638525517","2021-12-03 09:58:37","0x4a63f4113eb45d8f25132757005a5be5bf4951c0","0x26e936ecc226bc8be68d4de19103411799bc1ff3","1.65","Buy"
"0x3b8ef2d1d1e33a66284c544929b8ee4221b98acdc78063b06393ca569d078b0a","13156055","1638525544","2021-12-03 09:59:04","0x4a63f4113eb45d8f25132757005a5be5bf4951c0","0xb794b01ed9a496c783e4efedcec9e9948d6a0ed5","10","Buy"
"0x74a92250267fbca44b608f44a45a247f694ca128fc3bb229b18a6f9cef8205d5","13156061","1638525562","2021-12-03 09:59:22","0x4a63f4113eb45d8f25132757005a5be5bf4951c0","0xc77ec27e6ae82ead54894dffc7d3f3fe3a09246c","10","Buy"
"0xf502a9a69d9daaa534e0c15cc9c1d338ea1377a9920d90e1ccd9b6123e2197b9","13156101","1638525682","2021-12-03 10:01:22","0x4a63f4113eb45d8f25132757005a5be5bf4951c0","0x250870a2f0299ee2ee77d462c6e0c74849ce0c9e","5.9","Buy"
"0x436dd556b16c57d40e3331786210ccd99f39dbbe133e189659f44673f69d6683","13156159","1638525856","2021-12-03 10:04:16","0x4a63f4113eb45d8f25132757005a5be5bf4951c0","0xb22a5fb3ecf11999225962a59d49a50359a8f2e4","10","Buy"
"0xb50a26ac9666c0d271155c852f02648e11b83534084de43c550fad6a97d3c52f","13156240","1638526099","2021-12-03 10:08:19","0x4a63f4113eb45d8f25132757005a5be5bf4951c0","0xd87c0623a957b69ca237b5e3ae90c817f86565ca","500","Buy"
"0x82f6a451abaf39d3e9c43af0951d5cb6769240eb362b21df5612317c301c5a9f","13156341","1638526402","2021-12-03 10:13:22","0x4a63f4113eb45d8f25132757005a5be5bf4951c0","0x1234a9909fdbeb26cd83f10e23db7b806e137405","1","Buy"
"0xa9bdec8ed90691dde976d7fdf1d86864b9287e77959de363d57731c9a1dbba61","13156411","1638526612","2021-12-03 10:16:52","0x4a63f4113eb45d8f25132757005a5be5bf4951c0","0xfdc787745d914285ec284518d6db02d0a9fa834f","10","Buy"
"0x1365a078a8fac08646e773999c64c02d4f1a6c7636154a9c475eed5b31f45d09","13156627","1638527260","2021-12-03 10:27:40","0x4a63f4113eb45d8f25132757005a5be5bf4951c0","0xf7883edf966b5849f0ce952bee1ac871b06fcb29","10","Buy"
"0x72998635b46a8109f66373093f54db7a03975dbe94895aa48e6bebf71f30e0ee","13156691","1638527453","2021-12-03 10:30:53","0x4a63f4113eb45d8f25132757005a5be5bf4951c0","0x04c5c3e867a75244b3189845c69d3b5b9d7c343a","6","Buy"
"0xa0e72e8aac8f9af2a3ce9c062c78715680f5f98bbd821e30ef9d4bed9976e924","13156725","1638527562","2021-12-03 10:32:42","0x4a63f4113eb45d8f25132757005a5be5bf4951c0","0x6f4be16270e09a7cbb3fe98b85bc3614b3721b99","9","Buy"
"0x80f213acd753dc30beb7f5cbd99857d5b709f06cea406d66fcf7d6d383bf4f27","13156746","1638527632","2021-12-03 10:33:52","0x4a63f4113eb45d8f25132757005a5be5bf4951c0","0x67496d2241af4a28aaf3095c095c87da751013d4","1","Buy"
"0xc74747d86acf0eec4278c161dd9da470e6b546e561a9bbd6737babe0a5f478a4","13156767","1638527701","2021-12-03 10:35:01","0x4a63f4113eb45d8f25132757005a5be5bf4951c0","0x67496d2241af4a28aaf3095c095c87da751013d4","21","Buy"
"0x0e04dbc0da6e63279cac99e6b358e72c43bd49bdc99a5b2951011c5c74e2f902","13157108","1638528724","2021-12-03 10:52:04","0x4a63f4113eb45d8f25132757005a5be5bf4951c0","0x58998f8e16e361ad3272493080ca2685cbba2562","10","Buy"
"0xa4c67a16f4189970fb70a55f6764a5f9e34df231adbe3e7ab4ea5b1d3710d593","13157306","1638529318","2021-12-03 11:01:58","0x4a63f4113eb45d8f25132757005a5be5bf4951c0","0x25d04a15b1a70bfa519ee8c6989e5980e681a06a","202","Buy"
"0x956f5b5fdcf1d03146241d9710a2473867ccf0f93cc9a793963e9d28f7be1abf","13158657","1638533474","2021-12-03 12:11:14","0x4a63f4113eb45d8f25132757005a5be5bf4951c0","0x3ad6b2b33ee2c4ca4f037f037a4b7650611959eb","88","Buy"
"0x12c223967ae5d3d5582358cb189cab70b5a9ec694b8332aee93d5dadcfd669ad","13159535","1638536293","2021-12-03 12:58:13","0x4a63f4113eb45d8f25132757005a5be5bf4951c0","0x6613765ca08eab46f1cb6496084e399bc9f17ecf","1","Buy"
"0x5f7f6d4a58d889f83cea1aa263d374bdb2bd7d3546c1aedf163dbd89e9c6a2b8","13159805","1638537112","2021-12-03 13:11:52","0x4a63f4113eb45d8f25132757005a5be5bf4951c0","0x6613765ca08eab46f1cb6496084e399bc9f17ecf","5","Buy"
"0x17745f446150b8dc5cee857ce886534404119eeaba871bf0e34a520ed88e52b9","13159908","1638537421","2021-12-03 13:17:01","0x4a63f4113eb45d8f25132757005a5be5bf4951c0","0x61007331092b646447b5246d5edab0edc51cb9da","1.65","Buy"
"0x8fc79420323a98b0d3433603d80928c17b08427197945625e4c00f4be8525e00","13160427","1638539129","2021-12-03 13:45:29","0x4a63f4113eb45d8f25132757005a5be5bf4951c0","0x0133b81c1a13913e5887931e3e4a2706b9741e1e","55","Buy"
"0x7fccaf6f03961c88a591c7ff0c5fc666a05643cfa9c8d9e59c8b973a3a9eed69","13160513","1638539404","2021-12-03 13:50:04","0x4a63f4113eb45d8f25132757005a5be5bf4951c0","0x8774321cfe9aa832c026e52a57d661b129fde468","6","Buy"
"0x815951793e28be2758eb6ab52fec0694aab44b9b0d1a343f8398a85c6abac2f3","13174170","1638580688","2021-12-04 01:18:08","0x4a63f4113eb45d8f25132757005a5be5bf4951c0","0x39aa8fdffa73a09f86e89becebba8a689faa8f66","10","Buy"
"0x79f486dcc25425da1b267c322313004c6c3c80857427dfe65d0e3d8c2d3e69b4","13174622","1638582070","2021-12-04 01:41:10","0x4a63f4113eb45d8f25132757005a5be5bf4951c0","0x46aa04699cd31f6714163bce110c664881c7b39d","30","Buy"
"0x3cf95022defc3ee44540785af5d8487953e4bd19b3c4bf3340517c2dc9be0577","13182191","1638605208","2021-12-04 08:06:48","0x4a63f4113eb45d8f25132757005a5be5bf4951c0","0x3f74b0dbc4412f7e6e203efbb2a20b80f862738d","70","Buy"
"0xb27bc4b7077eb8657e8a34c981d1eb4a26441dd0a018232e4e33d9248297a89c","13187082","1638620242","2021-12-04 12:17:22","0x4a63f4113eb45d8f25132757005a5be5bf4951c0","0xc815025d68debdeb28d009b15f72c1a719909242","2","Buy"
"0xd366d0b533951e799700ff3b8825f4e38f2d5efaa72665077e1c10de7767543e","13190403","1638630375","2021-12-04 15:06:15","0x4a63f4113eb45d8f25132757005a5be5bf4951c0","0xaba8de8cbfdf97bed4c1c6bd81aed1645c938b72","27","Buy"
"0xb234d360e5b3c6c900f7f064d164d6c9475663d55af2a754943b38a50c29ce79","13190905","1638631927","2021-12-04 15:32:07","0x4a63f4113eb45d8f25132757005a5be5bf4951c0","0x938cdb7e8a74b4601935d67d317c336cb557e1ce","102","Buy"
"0x538f665d83831d9e80976a996aab08cab67bee451ad571db438d3e57d0da56de","13193383","1638639404","2021-12-04 17:36:44","0x4a63f4113eb45d8f25132757005a5be5bf4951c0","0x298382c5fc9e4cd3861635b36639badc4102d89b","311","Buy"
"0xabf9ed36e3f52f9a7b459684eef730d6ec4e0bd1a12832470ef94991437ca916","13193406","1638639481","2021-12-04 17:38:01","0x4a63f4113eb45d8f25132757005a5be5bf4951c0","0xfc8b194c274ca935611441bcfb3379c4cff33d9f","10","Buy"
"0x7c831707a77d06394e337659a214f47f4598db1fa298554baf1ca3f1a75391c4","13194539","1638642911","2021-12-04 18:35:11","0x4a63f4113eb45d8f25132757005a5be5bf4951c0","0x45f6fd588f4561c03563e7777d4d953430062384","150","Buy"
"0x5fcbb392115c70604fb10f45d83fa895763bd2efb4c453903fee2dd700299dab","13198131","1638653687","2021-12-04 21:34:47","0x4a63f4113eb45d8f25132757005a5be5bf4951c0","0xc58c3ea66f9b4e6df983d1b777efca5326e6eb77","1","Buy"
"0xde613beebdc3ff39762e79f941c261f179b96237f780bc80839a0ecd3386a851","13199065","1638656489","2021-12-04 22:21:29","0x4a63f4113eb45d8f25132757005a5be5bf4951c0","0xdc0844c01ca474c52056d1d9d0cf5386f103ce15","122","Buy"
"0x3bd19f9fc921dd1fdc2cbd1b519e88f27a57b68d159dc3dc884f79782cd118b5","13203166","1638668794","2021-12-05 01:46:34","0x4a63f4113eb45d8f25132757005a5be5bf4951c0","0x4e2c9af009ad2738b37c0279b2a5d6fb084fe1c4","6","Buy"
"0x7e4e086aaee664925b1ccf73388a9bb1913dffb60bce13214922905c569122c3","13203200","1638668896","2021-12-05 01:48:16","0x4a63f4113eb45d8f25132757005a5be5bf4951c0","0x4e2c9af009ad2738b37c0279b2a5d6fb084fe1c4","60","Buy"
"0x86667c1215179ac114b84b9c09011a4784b39e8b3b146d438fd8757d54023d83","13208618","1638685240","2021-12-05 06:20:40","0x4a63f4113eb45d8f25132757005a5be5bf4951c0","0xbd85719f84fa77a0c5f4b98ab5fe2d2cd88e0568","68.2","Buy"
"0xabe1f7b14d0ead3426760a2c1051f2f9c0d67cdfbbd86a01ba15fbf832e13463","13214577","1638703195","2021-12-05 11:19:55","0x4a63f4113eb45d8f25132757005a5be5bf4951c0","0x4a94d56d8e2fdbf08b8998407eb88c92c168ce4a","155","Buy"
"0x2960f542bab8462c7365b9c90481c968cfbf1c4f19de2236b2733fc671dd8b41","13214617","1638703315","2021-12-05 11:21:55","0x4a63f4113eb45d8f25132757005a5be5bf4951c0","0x9dcd2a34d8b57886c82b594679fee21fbb1b5c2c","9","Buy"
"0x9f8e70251988b10f9b04f9d46cb21df37d3aef47c62ae82346922afba2eecc5a","13216943","1638710581","2021-12-05 13:23:01","0x4a63f4113eb45d8f25132757005a5be5bf4951c0","0x66b4949f67d7bead72aca85954babd5e23fc21f9","90","Buy"
"0x891d62bcdc3e698c0328987c17302d0258a3027b02274ac5f181c6d24af0ca8a","13219113","1638717677","2021-12-05 15:21:17","0x4a63f4113eb45d8f25132757005a5be5bf4951c0","0x5857c4406fb6ebee87c32f4f97e6f1bbdcdebac7","88","Buy"
"0xb03d51d756cd646c15556be6fdbd1e65e2fe3d84cfe8ab51ab7d8eb38e396eef","13221566","1638725726","2021-12-05 17:35:26","0x4a63f4113eb45d8f25132757005a5be5bf4951c0","0x8515faaa871a95edd2f4ab9a0a6a0d2c6016c960","80","Buy"
"0xaa7b41a9d94fb78b5656bd201119db669cc92359ed87d52ca3a1dcf0375c059a","13223992","1638733095","2021-12-05 19:38:15","0x4a63f4113eb45d8f25132757005a5be5bf4951c0","0x4e2c9af009ad2738b37c0279b2a5d6fb084fe1c4","33","Buy"
"0xf8be2e190944012dfdf2720ab134e1fda5fb3ade17ca87afe9d46c1e21b15c1f","13227749","1638744370","2021-12-05 22:46:10","0x4a63f4113eb45d8f25132757005a5be5bf4951c0","0xb57390267e2045aa6cda9ab21383d2dc449e2813","10","Buy"
"0x9ee33854c12c28d8e16bfcc1e49d3dbb98a18fc84056e76c8d48669567e7ce93","13229420","1638749412","2021-12-06 00:10:12","0x4a63f4113eb45d8f25132757005a5be5bf4951c0","0xd259c98503963a748860509223e66ca8f10f0803","2","Buy"
"0x7542312d8ea74678000c605083aad3fb0a953112dd8aca1ba449ee09e2816d0f","13229470","1638749576","2021-12-06 00:12:56","0x4a63f4113eb45d8f25132757005a5be5bf4951c0","0xd259c98503963a748860509223e66ca8f10f0803","100","Buy"
"0x1008459314f53fb612d4cb2b1e03a34ca593d20aee48545d26fa4e3aed984fe4","13230552","1638752838","2021-12-06 01:07:18","0x4a63f4113eb45d8f25132757005a5be5bf4951c0","0x8515faaa871a95edd2f4ab9a0a6a0d2c6016c960","9","Buy"
"0x291312272b0859f38a934e78a65b58f9e495bc6732e0b5b254f9c59355794caf","13231981","1638757136","2021-12-06 02:18:56","0x4a63f4113eb45d8f25132757005a5be5bf4951c0","0xa230f38b784f97daa7aa14c0b18c37c3253886b5","20","Buy"
"0xeddeeb5be181b97e3f1bd814222639b34548e12c2e522e5388948b39f06498a3","13233452","1638761801","2021-12-06 03:36:41","0x4a63f4113eb45d8f25132757005a5be5bf4951c0","0x4ffe44682d6d226e225a2000111d34bbd302e73b","90","Buy"
"0x1afa72b366a2010cb5f7b436482bca466e3c0ff17599008441bae86893b26811","13234311","1638764466","2021-12-06 04:21:06","0x4a63f4113eb45d8f25132757005a5be5bf4951c0","0x68a2d72e115b4bcff35a7c97f02f0cacf6dd7220","5","Buy"
"0x5ba27e8f819a7a101fbb45b871d56464a2a9472679389dcc675588f7795e920e","13234387","1638764694","2021-12-06 04:24:54","0x4a63f4113eb45d8f25132757005a5be5bf4951c0","0x68a2d72e115b4bcff35a7c97f02f0cacf6dd7220","520","Buy"
"0xa85a755604a1709bf95bbd08a464457261a94bebcadc9fc278c9cae627590fb7","13234582","1638765279","2021-12-06 04:34:39","0x4a63f4113eb45d8f25132757005a5be5bf4951c0","0x68a2d72e115b4bcff35a7c97f02f0cacf6dd7220","40","Buy"
"0x6dda640c842bbbaafcdc01bcf04732c3e07f3041c22499e333ce84443d9b8f6c","13241574","1638786672","2021-12-06 10:31:12","0x4a63f4113eb45d8f25132757005a5be5bf4951c0","0xb7c53a680b09231951a93a75c327bbec93537050","88","Buy"
"0x23b7eb48351d1acc1b797497e319bf44f6b6d0bd0d7960509e61247e803611bd","13242538","1638789594","2021-12-06 11:19:54","0x4a63f4113eb45d8f25132757005a5be5bf4951c0","0x8d91e666c69f24915d4428cd4c45967828398c9f","91","Buy"
"0x80932466958bc517855fb57eabb3a0d84df0ab1470a6abb998904e7bf9980827","13243870","1638793926","2021-12-06 12:32:06","0x4a63f4113eb45d8f25132757005a5be5bf4951c0","0x5a37cb6ce4e44d8a9d3c9005b7d1e377e69db825","36","Buy"
"0x6189297bc6d72e96d2382770282278b6870c3753777371a76833b3e78a62e4fc","13244681","1638796456","2021-12-06 13:14:16","0x4a63f4113eb45d8f25132757005a5be5bf4951c0","0x26e1810cea92d166fc0503bd9190b5d05f183c8b","10","Buy"
"0x1ff98e1b67c803b9f7580938344a2d1e1a423d62af39510fc8ca75c0bba2093f","13244958","1638797345","2021-12-06 13:29:05","0x4a63f4113eb45d8f25132757005a5be5bf4951c0","0xe7c180f2c8d892d5a6ee1cba145bc9f7caea81bb","548","Buy"
"0xafd32ab94a22f519fffee743fb737a602d5ad633db3bb0468f0b12472000c86c","13248850","1638810061","2021-12-06 17:01:01","0x4a63f4113eb45d8f25132757005a5be5bf4951c0","0x8224a9ba4604f257b1ff401020c45c1ebc8a0e91","90","Buy"
"0x14ea653a6ebdda321cb1d47f1b73852f6745ded7e9b172522559b4418d20bf27","13252090","1638819915","2021-12-06 19:45:15","0x4a63f4113eb45d8f25132757005a5be5bf4951c0","0x5fa184f25925d37ab52836de272486a7b4018fb8","11","Buy"
"0xd77fd6323533392d0299f57488d33b82a2229c654f92e9ee6a5b0350ec0b3058","13252420","1638820905","2021-12-06 20:01:45","0x4a63f4113eb45d8f25132757005a5be5bf4951c0","0x0dcb9f50120a663579e671127657d35d12572266","88","Buy"
"0xa48d245109e35fdcf59c82ac44fddf934e4fe992fd0c5edbdced968f984f4bce","13254122","1638826011","2021-12-06 21:26:51","0x4a63f4113eb45d8f25132757005a5be5bf4951c0","0xfb79c8dfac8323ccf7ef4209037237cc9b991854","20","Buy"
"0x86f7015ad715b272e86682603fdfd51862fe6fe0eb05d659b022993765bb929d","13254181","1638826188","2021-12-06 21:29:48","0x4a63f4113eb45d8f25132757005a5be5bf4951c0","0x3a4a77f76b199d7a48b399a2ce286eed30f9450c","950","Buy"
"0x910bcc88b7a31137a28ad79de1dfce5f73de7961e544cb42e0642356d77559d0","13260002","1638843787","2021-12-07 02:23:07","0x4a63f4113eb45d8f25132757005a5be5bf4951c0","0x826e5ec51ada765a422e56de5635d1575c605eed","90","Buy"
"0x06419b7b318cdecb73976530da7d05b43d7739d2aabcd30ef6b0b49c1f0b64d9","13262712","1638852114","2021-12-07 04:41:54","0x4a63f4113eb45d8f25132757005a5be5bf4951c0","0xd59e41d5aa41daaf8193e090eb9aaab725ce502e","6.55","Buy"
"0x4fe4395cda640ef4cb89d13435ccf30eba1843f91bf8a3ff2a9abd662a56cbe7","13270502","1638876101","2021-12-07 11:21:41","0x4a63f4113eb45d8f25132757005a5be5bf4951c0","0x71c923692372dadc4a3c8ec622d39e354beebe5f","88","Buy"
"0xb9d8b7dfc25c0c5be7e9a2a7120bfe3c1206b078e703a66a784a5f4c82edfe0e","13272691","1638883577","2021-12-07 13:26:17","0x4a63f4113eb45d8f25132757005a5be5bf4951c0","0x8250c5d91ee78d582966e1e6a0f6161c80be063e","221","Buy"
"0x4d3bf0e44dd599e8a3af3b14d9b345e82ca442062634b80cbb135175bb4bdcce","13273086","1638884996","2021-12-07 13:49:56","0x4a63f4113eb45d8f25132757005a5be5bf4951c0","0xf1dcb95eae7bdaedaab271461e8428a55d48c8e4","316","Buy"
"0x3e83fde75bf645d61cc1f3cc07d5eb302deb6489ee92679f7a5c42e7e27959e5","13274540","1638890127","2021-12-07 15:15:27","0x4a63f4113eb45d8f25132757005a5be5bf4951c0","0x2d4de39d571244c12cbf9ea29c67aaa5889416fd","88","Buy"
"0x29baf7490d46245be41cb31eac2f4d4ad1f673babb02e69fe9e88380a94682b8","13274926","1638891511","2021-12-07 15:38:31","0x4a63f4113eb45d8f25132757005a5be5bf4951c0","0x8182bac7c4140fcd266bc32984c0d42e2e67f2e3","10","Buy"
"0x047943fe04f1618645f17e6d3b47cb072d64e2180c3ff94140a855af32ad1136","13275558","1638893807","2021-12-07 16:16:47","0x4a63f4113eb45d8f25132757005a5be5bf4951c0","0x5318f90f493ce713d3d621b4e8c2e6fb0736c19c","100","Buy"
"0xf99e20f88f605326c6e2ea479ad0f1d31d2f83fab0c32b8aa689a1e9724747f1","13278723","1638904224","2021-12-07 19:10:24","0x4a63f4113eb45d8f25132757005a5be5bf4951c0","0xb5e0ca12384583613e73a44992233abd1c4a7b01","88","Buy"
"0xaf806ddcd6eee1f55e28a9e534ef966a975ffe57da9e1ab52359708a89c5cc26","13280713","1638910377","2021-12-07 20:52:57","0x4a63f4113eb45d8f25132757005a5be5bf4951c0","0xba2ae2483300ae16dd8ebbce9ae45bb43756a30d","72.9","Buy"
"0xbe5bfeea35d4ff235d367375fd06cea10478d107a140bc69aab3859991275cef","13281314","1638912303","2021-12-07 21:25:03","0x4a63f4113eb45d8f25132757005a5be5bf4951c0","0xba2ae2483300ae16dd8ebbce9ae45bb43756a30d","350","Buy"
"0x74bcac0a0da77c5f22fd31b17d105b1b213ac575c3d01c6568721dee1dbebeb4","13307056","1639000073","2021-12-08 21:47:53","0x4a63f4113eb45d8f25132757005a5be5bf4951c0","0x55011f3f27f231dd21f0552eb43b124a83d79420","24","Buy"
"0x3505c20d7f082915de10a0b6d2f2fec1fb05faafd25a661fedff720d0f283e7f","13309327","1639006887","2021-12-08 23:41:27","0x4a63f4113eb45d8f25132757005a5be5bf4951c0","0x91f464d971b03fa2315f4b659808376d2073244a","46","Buy"
"0x143cbc6e15f866cc03251ffb9066fccb091e5176ad0251988c66e7bc68292388","13310140","1639009328","2021-12-09 00:22:08","0x4a63f4113eb45d8f25132757005a5be5bf4951c0","0x1a2e449b092199f26443da3355f70ae569f7b479","36","Buy"
"0xecd00a303ed74eddb1db6c5605560b0ff45da1addf05d1ad3143ddd036f705e5","13310171","1639009421","2021-12-09 00:23:41","0x4a63f4113eb45d8f25132757005a5be5bf4951c0","0x1a2e449b092199f26443da3355f70ae569f7b479","1","Buy"
"0x99728946b0d059dfe2b5b94089d0f6aee347f4f8e32e6900b30c035d707cf145","13311659","1639013930","2021-12-09 01:38:50","0x4a63f4113eb45d8f25132757005a5be5bf4951c0","0x986e3ba649fb2705ef4a90d53b55be5c0121c761","47","Buy"
"0x47818183b54bad88c324d1f0d5a34dfd22860385666f6f3cc5a7d7accf627bef","13312213","1639015592","2021-12-09 02:06:32","0x4a63f4113eb45d8f25132757005a5be5bf4951c0","0x4f07f5857ecb864d5b1e6f4d6e3a00b53775b255","88","Buy"
"0x2fd25df4e4f084cb793b4c660f82b4ca8f5703b52d066eb6ccd08bec81642691","13313825","1639020440","2021-12-09 03:27:20","0x4a63f4113eb45d8f25132757005a5be5bf4951c0","0x67f57d2584ceb2901e3bf813de196fee15db1135","472","Buy"
"0x5176f6b3461a002c0854dd36850340f3e51396acd9913151ae6576a38cdfc916","13317705","1639032153","2021-12-09 06:42:33","0x4a63f4113eb45d8f25132757005a5be5bf4951c0","0xc2573f4f5e62dc2f042586595f37217e1ca085fc","12","Buy"
"0xc904d7539406295953f66f677c20d84b6ec8082a06c7c1e13eff7103b30ee009","13323323","1639049110","2021-12-09 11:25:10","0x4a63f4113eb45d8f25132757005a5be5bf4951c0","0xe3ed25400f7a993a4b1e54b8c71c818f394f19a2","7","Buy"
"0x6fb59cdb84efd0a68359687967646e02345519f65151d0b8af3e789478dc6fd7","13323355","1639049206","2021-12-09 11:26:46","0x4a63f4113eb45d8f25132757005a5be5bf4951c0","0xe3ed25400f7a993a4b1e54b8c71c818f394f19a2","3","Buy"
"0x21bdc6fa91d8bf7a386e4c656b3777b5b0d3e93c3597f3927219047484fbb5d5","13325997","1639057195","2021-12-09 13:39:55","0x4a63f4113eb45d8f25132757005a5be5bf4951c0","0xba8775d6734ae0368cbd47bde4a62e9146962d8b","9.99","Buy"
"0xc1feebaed15287a4e1450819c596b1456362e0890ab0fd63f1216048ebe94e76","13330863","1639071940","2021-12-09 17:45:40","0x4a63f4113eb45d8f25132757005a5be5bf4951c0","0xec69a496c6b0cb62a08724c01c648fef7140bad4","88","Buy"
"0x6535a83cc454377da516e8a14de27a991dd7c76e9c09b68641e15a11f7425379","13330927","1639072133","2021-12-09 17:48:53","0x4a63f4113eb45d8f25132757005a5be5bf4951c0","0x986e3ba649fb2705ef4a90d53b55be5c0121c761","200","Buy"
"0x8556de8d91da7729732f7c796505a8051cec0a32fd25d1cb4e5aba1b3a56cd0c","13331548","1639074002","2021-12-09 18:20:02","0x4a63f4113eb45d8f25132757005a5be5bf4951c0","0xb57390267e2045aa6cda9ab21383d2dc449e2813","10","Buy"
"0x13a4e50fccd39543682cc06a376161c58f58f4553e4c9c4260c0c8d8014e9f3b","13332434","1639076660","2021-12-09 19:04:20","0x4a63f4113eb45d8f25132757005a5be5bf4951c0","0xde4c5068befb8e67fa9df9a6a84c57d8d0e3627f","10","Buy"
"0xe64211738e96204009dac1d8e03095885c639f6a0d49c801f7beac9aad8f3708","13333871","1639080972","2021-12-09 20:16:12","0x4a63f4113eb45d8f25132757005a5be5bf4951c0","0x935267ff24f462edaa140b4896cce9c8afff99a5","1,060","Buy"
"0x241d61510118a65d827a8da28a22efe119f0eb2656705310658b9851b8346ce0","13334734","1639083561","2021-12-09 20:59:21","0x4a63f4113eb45d8f25132757005a5be5bf4951c0","0x074849b1a881b1e2525e09d388e40933bcd8ba59","182","Buy"
"0x9b901d4eb2ee0a65ba76dfd9d8a88b133028ac82e8282eb69cc874b5e2affdce","13335459","1639085736","2021-12-09 21:35:36","0x4a63f4113eb45d8f25132757005a5be5bf4951c0","0xc6e4c7c1e4be441837905ce45f56175753026473","9.89","Buy"
"0xed00b2281da5f4dd205904e931be39e9bf1c23ddfb0524337fd591573ee85f6a","13336861","1639089942","2021-12-09 22:45:42","0x4a63f4113eb45d8f25132757005a5be5bf4951c0","0x40b6421bfc7891bce19089699f83fa5c772efe1c","15.21","Buy"
"0xe7875d71406be8f23c17a134f180892924edddbece5002036518a32c09ea4f52","13339361","1639097442","2021-12-10 00:50:42","0x4a63f4113eb45d8f25132757005a5be5bf4951c0","0x370a0ea8600dcc6719afbfde5ccdeebcdc4d9875","9.9","Buy"
"0x3646feec0a41b23165e639430ce73bce1f83462c07919961e9b9a64f929a6568","13339364","1639097451","2021-12-10 00:50:51","0x4a63f4113eb45d8f25132757005a5be5bf4951c0","0x6ecaf8472e2ce398bbab9eb45ccece5bd82f462d","10","Buy"
"0xe34720ee65967fd5a66ee1513ebfe0cfa5fccbb3f8ccc1cfd2b8fe591e04915f","13340099","1639099656","2021-12-10 01:27:36","0x4a63f4113eb45d8f25132757005a5be5bf4951c0","0x853756bb0d42fb6a3d2d6166f297a2130689d77c","1","Buy"
"0x4cfa1918bda5dfa276cf7977a57af52f4db6ebe5026091a762edac3096bf12ee","13340408","1639100583","2021-12-10 01:43:03","0x4a63f4113eb45d8f25132757005a5be5bf4951c0","0xe610c36eae5c1f53933e0c0dc73ab31360ddf87e","15.5","Buy"
"0x5b8edfc19471327b39415ee6d95eb7b86c49d7a53b51deefb3864b92b51cc580","13341591","1639104136","2021-12-10 02:42:16","0x4a63f4113eb45d8f25132757005a5be5bf4951c0","0x8250c5d91ee78d582966e1e6a0f6161c80be063e","30","Buy"
"0xf0da2b7bbc9b6d1b0923078200a3bd34b155e985aff0b6b23dc10f8e8a697bb4","13341814","1639104805","2021-12-10 02:53:25","0x4a63f4113eb45d8f25132757005a5be5bf4951c0","0xcf6466c96937b52a2eec8732bbc58e8063de4229","20","Buy"
"0x23afa46d98634406421450b6c18e19bae4c6b32de1420e6cc042d75f6391f46e","13342429","1639106650","2021-12-10 03:24:10","0x4a63f4113eb45d8f25132757005a5be5bf4951c0","0xa659e2e9458a948182bdf963c2fa6952a5916a66","6","Buy"
"0x27ea9d7ce24d3a6e70032f97bd419ba24ed3a329a76b4986fa1cfb0ca797f5b3","13342993","1639108397","2021-12-10 03:53:17","0x4a63f4113eb45d8f25132757005a5be5bf4951c0","0xac1b5dab350670e5c1f35a16f9daca5cf1c53ea6","10","Buy"
"0x18f9b249405d4ee41505f8918fa74c0ff0ebfaaf3d0eb05fba393a4a72cf58b2","13343033","1639108517","2021-12-10 03:55:17","0x4a63f4113eb45d8f25132757005a5be5bf4951c0","0xbdc7679715c03d4d66cc07ffd711d47c435678c2","10","Buy"
"0x391eb6684ab7021453a2ef508398a0ad74a9fe1355cd695a39208bb2ffa9d3bb","13343074","1639108640","2021-12-10 03:57:20","0x4a63f4113eb45d8f25132757005a5be5bf4951c0","0xfc76dad9836153d36cccaa9c02e6b6d494cb8115","10","Buy"
"0x02d67df95c26a145b45fbb4a07b76e6ed5034293e4e14355ffb8edf32d843e57","13343103","1639108727","2021-12-10 03:58:47","0x4a63f4113eb45d8f25132757005a5be5bf4951c0","0x238e6fe4574b20f05370f02d2dc8fe5374ada5bd","10","Buy"
"0x8f729bc353b415648c0c6bc55ea649ab6c0c18b3643fa2dd9da7e051701cd63e","13343145","1639108853","2021-12-10 04:00:53","0x4a63f4113eb45d8f25132757005a5be5bf4951c0","0x33ab284dd6a5b955d8730d270cf18bb36d3d15fe","86.8","Buy"
"0x171a8d17d2cd67fddfb68f559576a0863d98ad16fb97ff9dbaad0d11f480991b","13343158","1639108892","2021-12-10 04:01:32","0x4a63f4113eb45d8f25132757005a5be5bf4951c0","0xf526392c9b83a34dc593d15b4bccd7150294b89f","10","Buy"
"0xadbf9128f753771205a88c777faf7eede966b5e27c022dcd7b8b21899e70561a","13343191","1639108991","2021-12-10 04:03:11","0x4a63f4113eb45d8f25132757005a5be5bf4951c0","0x4ca3f6f43e4ba885ced13212c4023d8474e00a82","68","Buy"
"0xb7feab908c61281da64d0c971d6f841b4f801885efc86c7b4df1d57004d24aed","13343226","1639109096","2021-12-10 04:04:56","0x4a63f4113eb45d8f25132757005a5be5bf4951c0","0xb5f5254229f3f365b622c8a7a48b7ee2fb14afb6","10","Buy"
"0x2f3ed135f2c62586bfeae6a81a220558170e62277401b52f54d89c91ab27b112","13343497","1639109909","2021-12-10 04:18:29","0x4a63f4113eb45d8f25132757005a5be5bf4951c0","0x33ab284dd6a5b955d8730d270cf18bb36d3d15fe","1.25","Buy"
"0x2e69412d3c7590644f3f5e12d61bf6db5f60f25bb52719d0f37a23de97e57bd4","13343611","1639110251","2021-12-10 04:24:11","0x4a63f4113eb45d8f25132757005a5be5bf4951c0","0x004ee7993959e63920dd7862842e5d170c24efe0","88","Buy"
"0x62f3446c97349fb35cd37f065074d50e4c270f415a1e1e010c4cd6d654d03669","13343790","1639110812","2021-12-10 04:33:32","0x4a63f4113eb45d8f25132757005a5be5bf4951c0","0x181ac408eca5dfeed3d0bd96d8ab84c615cfa3b2","88","Buy"
"0x62e892be0c959cd73adbc07ddbec0f938aa402d140eee39e29ff73ec6b200aba","13343793","1639110821","2021-12-10 04:33:41","0x4a63f4113eb45d8f25132757005a5be5bf4951c0","0x624118e26f3af656a788ca11ea5866690e0697fa","10","Buy"
"0xb35f4131569f000a711cc40137a8827f766faf6baaa9f4c27a2feda953b427f5","13344152","1639111913","2021-12-10 04:51:53","0x4a63f4113eb45d8f25132757005a5be5bf4951c0","0x972c50652f9a5e9d41e350c0503b4b3016617963","9.9","Buy"
"0x0cc81502149dd1f04d86858090f49311d493e21c77bfc92913c53c048451164b","13344333","1639112456","2021-12-10 05:00:56","0x4a63f4113eb45d8f25132757005a5be5bf4951c0","0xbac2a9143a5f3f85f7cb02a4d6752a918589afcd","9.9","Buy"
"0x845ac62585e845e79960e92e3d00a8863b78a9e368e6d014ff1ee1c73c304115","13345290","1639115327","2021-12-10 05:48:47","0x4a63f4113eb45d8f25132757005a5be5bf4951c0","0xe6c1b7f0fc30784226092e7c2d29523a96529c9a","10","Buy"
"0x9c128a9eebf6b3c79af7b04261539f6a1f7e730e81d55a585f427c626c6b19ee","13345607","1639116278","2021-12-10 06:04:38","0x4a63f4113eb45d8f25132757005a5be5bf4951c0","0x4ec7c64feb5f573beb275d569d2702e06dffc5d1","10","Buy"
"0xbe22c55dd0b7f830add952d006f2577f07d4d5a2740d7a83059102066274287b","13348646","1639125798","2021-12-10 08:43:18","0x4a63f4113eb45d8f25132757005a5be5bf4951c0","0x712d3c2b33f8ecdd79d0ff432353981fb68502a0","3","Buy"
"0x3342d237023d2805ed51db6b1595ea57e477b2e252f3065d0586dbb5e3df86e6","13348986","1639126818","2021-12-10 09:00:18","0x4a63f4113eb45d8f25132757005a5be5bf4951c0","0x5bfcae73f99edf276d4ad01ddb16eed5702717f5","10","Buy"
"0x4c51b1b7c046574569f9201ed414081b592b865069eca2e9a5ff00d7cb54a1d0","13349392","1639128037","2021-12-10 09:20:37","0x4a63f4113eb45d8f25132757005a5be5bf4951c0","0x98c09b251c14bee179aea9645e2a35ee1c3a74a2","10","Buy"
"0x460001f2f2fdc0bc5951b450b843f4b853a5c1ccbabcb1d678cff3ad188388da","13349760","1639129142","2021-12-10 09:39:02","0x4a63f4113eb45d8f25132757005a5be5bf4951c0","0x423f5e4b9e35920ed69435eb58b5dbbe45e42971","8","Buy"
"0x30a3dbeb8bfa7e6290e9d1fc339ab6904878d501f7e3fe39f9603927eb9e397c","13349793","1639129241","2021-12-10 09:40:41","0x4a63f4113eb45d8f25132757005a5be5bf4951c0","0x4b8a13de40fe55218a7669852635b072e2ff3399","10","Buy"
"0xd5eda6be6e6fbdf6123414e2d68de0d3a57e27066def9fe333a45c2f1e00c570","13349918","1639129616","2021-12-10 09:46:56","0x4a63f4113eb45d8f25132757005a5be5bf4951c0","0xda0f08d5ad9bf2c6f938d59cbd245a5308499daa","99","Buy"
"0xd29da709c52c782b265994c5bf0dc9ae889bcabc0412195654b26f1fb63dd1ea","13349919","1639129619","2021-12-10 09:46:59","0x4a63f4113eb45d8f25132757005a5be5bf4951c0","0xd1dd2e2b705a5e5a5fda2b14259c476ef687ed3a","10","Buy"
"0x655dbb546d3c96eb3a42c7bb9cc4a8df283fd8bde7ac5d8c72b44afc6581b265","13349941","1639129685","2021-12-10 09:48:05","0x4a63f4113eb45d8f25132757005a5be5bf4951c0","0x613e383a808dfc93c2e518575ce9cc5c625a0c2c","1","Buy"
"0x623da69cf69faf1af21ad94a6d246d455894d12f2539cd3874443765e8c9a727","13349950","1639129712","2021-12-10 09:48:32","0x4a63f4113eb45d8f25132757005a5be5bf4951c0","0x729bba6c17f2127222bc1fd05df9a8e231d64f49","10","Buy"
"0x54cb8f839f5858638abc5992f57580d73eff2956682876569c10e67160ccb05c","13349954","1639129724","2021-12-10 09:48:44","0x4a63f4113eb45d8f25132757005a5be5bf4951c0","0xa5c8428c23cee224827bb6467fa58c4aeaf3ea31","10","Buy"
"0xe585dde6190dc6dbfde3785cce42531b58de56271ee6592143f348df448adde1","13349968","1639129766","2021-12-10 09:49:26","0x4a63f4113eb45d8f25132757005a5be5bf4951c0","0x3dc6a82c016af9b3af5510e2c9e7a54705440366","10","Buy"
"0x3a4294b71e2f4103a04a9a6d9eb63cf2ead2c16ca1e471902a19ba0cfdaa0a7d","13349995","1639129847","2021-12-10 09:50:47","0x4a63f4113eb45d8f25132757005a5be5bf4951c0","0xbac2a9143a5f3f85f7cb02a4d6752a918589afcd","8.6","Buy"
"0x7264a31f89f1e3ae12613f56396b5b5f35a494110b067b88fa786b14cc00a289","13350041","1639129985","2021-12-10 09:53:05","0x4a63f4113eb45d8f25132757005a5be5bf4951c0","0xbac2a9143a5f3f85f7cb02a4d6752a918589afcd","1","Buy"
"0x077dd1626f7332a7de58fcef6f7412d6c30f79a1aaa9137aa87ffb9940238875","13350065","1639130057","2021-12-10 09:54:17","0x4a63f4113eb45d8f25132757005a5be5bf4951c0","0x5d6a13d51c978774e707264f54b95f109ada5c04","9","Buy"
"0x5b3eb5d112f654ca853f908f7c8f7cc27b3b5c7612e66ff34e0bd2cf76983731","13350068","1639130066","2021-12-10 09:54:26","0x4a63f4113eb45d8f25132757005a5be5bf4951c0","0x9fee180159017beb529d1d6f665eb6617506793a","10","Buy"
"0x1ed97996d936ea56f30c66a4fc3f0b8d7292e6bc9ba8a45b66c39abebb7b551d","13350070","1639130072","2021-12-10 09:54:32","0x4a63f4113eb45d8f25132757005a5be5bf4951c0","0x729bba6c17f2127222bc1fd05df9a8e231d64f49","2","Buy"
"0x8a2dd6b5ef48efccd355a2beccaf8a83bd7a1bf5853ff272207eeb56e792eb47","13350188","1639130431","2021-12-10 10:00:31","0x4a63f4113eb45d8f25132757005a5be5bf4951c0","0x0c526354ab95994c8b0f709d693cd4611528b391","11","Buy"
"0xe3e154b121bcecc6f88c37fde3f6943cd4e3bb719cf14bb46818cb16d348ca7c","13350192","1639130444","2021-12-10 10:00:44","0x4a63f4113eb45d8f25132757005a5be5bf4951c0","0x432e51d340fa58695ffd8f0de8fd62cbc30b4578","1","Buy"
"0xd41626bfc0bab430da0847bddda5d94bf4c80c58890def4d515caaf190530303","13350194","1639130450","2021-12-10 10:00:50","0x4a63f4113eb45d8f25132757005a5be5bf4951c0","0xf6f5587b73a46f0de1e18da304b0fa7b476cc127","10","Buy"
"0xf032bcc859cbeaf878bf8159976b9b362a4abc32ea6cb4f081f25cd142a6c514","13350199","1639130469","2021-12-10 10:01:09","0x4a63f4113eb45d8f25132757005a5be5bf4951c0","0x285bd5f915e41509bc172423447c20b3206951b0","2","Buy"
"0xe786b46261327338a4dbe87c3d41f900449fe51e60bd2e076db07cf4f48ae308","13350200","1639130472","2021-12-10 10:01:12","0x4a63f4113eb45d8f25132757005a5be5bf4951c0","0xacac9ff7ba4e0d3133474af63a86ef5209e4f567","10","Buy"
"0x68731f532750047e9055447314a53106de47a440c4a49a9235a8cf15c21ae411","13350208","1639130499","2021-12-10 10:01:39","0x4a63f4113eb45d8f25132757005a5be5bf4951c0","0x285bd5f915e41509bc172423447c20b3206951b0","2","Buy"
"0xddd066b0fded10df9c74fa13148805847af13dfefcc0100dd597aa756a83bd43","13350219","1639130535","2021-12-10 10:02:15","0x4a63f4113eb45d8f25132757005a5be5bf4951c0","0x613e383a808dfc93c2e518575ce9cc5c625a0c2c","9","Buy"
"0xe8c4301f30a458aace91dc8c149b485ab0b0b43c49187abfdea564972c5cf518","13350250","1639130640","2021-12-10 10:04:00","0x4a63f4113eb45d8f25132757005a5be5bf4951c0","0x8224a9ba4604f257b1ff401020c45c1ebc8a0e91","5.2","Buy"
"0x3a9c91d5870af446b617da2b6ccde61e39eddaefbb1671e2546665146316f1fc","13350257","1639130661","2021-12-10 10:04:21","0x4a63f4113eb45d8f25132757005a5be5bf4951c0","0x729bba6c17f2127222bc1fd05df9a8e231d64f49","7.8","Buy"
"0x6abd03f3fd3a545e701ef43f375c94040eda865ab5565bfd040eb7b5eae60910","13350270","1639130700","2021-12-10 10:05:00","0x4a63f4113eb45d8f25132757005a5be5bf4951c0","0x41c1e4a339cf8b49ff86ffba389033f27411fc03","1.6","Buy"
"0xc2cf8f84e6d25522f3a5639620e88f83ce576305ddd2728de40fc7aa19636c05","13350271","1639130703","2021-12-10 10:05:03","0x4a63f4113eb45d8f25132757005a5be5bf4951c0","0x250870a2f0299ee2ee77d462c6e0c74849ce0c9e","4","Buy"
"0x06fc33d6c7f06d97f5707f29a8fda3e83a89a4809e8018662739754593002073","13350283","1639130739","2021-12-10 10:05:39","0x4a63f4113eb45d8f25132757005a5be5bf4951c0","0x68a2d72e115b4bcff35a7c97f02f0cacf6dd7220","10","Buy"
"0xd971aecb4c1448d996da28bb67c8ba051146168bd70a33ee97c65a41203a7833","13350297","1639130781","2021-12-10 10:06:21","0x4a63f4113eb45d8f25132757005a5be5bf4951c0","0xea7301ea57027d30838ccd966a569172155ff4ce","3","Buy"
"0xe205fb671a31da9f18c40097e16d7c88fe0287daac82f4c2ca75828eda480551","13350307","1639130811","2021-12-10 10:06:51","0x4a63f4113eb45d8f25132757005a5be5bf4951c0","0x7ba412e6dcb2bdbc82fdffb51ffc93e3b5f7d885","10","Buy"
"0x2269574c10902ec7ad378d5cc42da3db06ca8de7e1429de299827fdd7cc9212a","13350308","1639130814","2021-12-10 10:06:54","0x4a63f4113eb45d8f25132757005a5be5bf4951c0","0xc6e4c7c1e4be441837905ce45f56175753026473","7.9","Buy"
"0x2f14b9ee7631d67ec2a195dce6579ce0ea39e1c2fba93152a74b163ce7cbb3af","13350347","1639130931","2021-12-10 10:08:51","0x4a63f4113eb45d8f25132757005a5be5bf4951c0","0xd0d7b295d760002a6823f21593af6bf319e3bb0e","9.9","Buy"
"0x661a8070c70b90448c64331e4256e7392f72b3c16e8f0af240013eca6279133f","13350364","1639130982","2021-12-10 10:09:42","0x4a63f4113eb45d8f25132757005a5be5bf4951c0","0xdd7f8aa8d1bf25c64ca1714ac2700f036d3568ac","3","Buy"
"0x18498a50e249f17b51a7fbb19a3263ddeef817d349f029867a341ae1f8d6efe7","13350385","1639131045","2021-12-10 10:10:45","0x4a63f4113eb45d8f25132757005a5be5bf4951c0","0x9e3d381facb08625952750561d2c350cff48dc62","3","Buy"
"0xe6787f57dc2c1a7029abbdd3c2417c3d94f3c90f08bd834e1c82b92ff127c49b","13350419","1639131160","2021-12-10 10:12:40","0x4a63f4113eb45d8f25132757005a5be5bf4951c0","0xea7301ea57027d30838ccd966a569172155ff4ce","10","Buy"
"0x4da5cb496cb52a38b600bf1c6a211f8550b4fd602810782f64db863ea4bcbaa0","13350456","1639131284","2021-12-10 10:14:44","0x4a63f4113eb45d8f25132757005a5be5bf4951c0","0x26e1810cea92d166fc0503bd9190b5d05f183c8b","10","Buy"
"0xf20289d6693cc2552795da352b6b8ce5fb524c3e4f881d5b7f60864e9acba230","13350587","1639131686","2021-12-10 10:21:26","0x4a63f4113eb45d8f25132757005a5be5bf4951c0","0x368eb198ee5647310da738245fc8352dd0f5d203","90","Buy"
"0x4d62587a4c7e76398ff9525e32dfe41522f2116ab6e9af04a2437fd55c28f564","13350604","1639131737","2021-12-10 10:22:17","0x4a63f4113eb45d8f25132757005a5be5bf4951c0","0xe52a1f569c87605ad3921c21c43470fadcb85cf7","12","Buy"
"0x2a7079a90864c6433dc737dd786e30d20012225b2abc3d0d55da6f63ab50c7f4","13350605","1639131740","2021-12-10 10:22:20","0x4a63f4113eb45d8f25132757005a5be5bf4951c0","0x7ba412e6dcb2bdbc82fdffb51ffc93e3b5f7d885","4","Buy"
"0x1533778d800103590da8fb78900ff8f1c8a08125db363db56cdd2252afb9a0b6","13350674","1639131947","2021-12-10 10:25:47","0x4a63f4113eb45d8f25132757005a5be5bf4951c0","0x96c5a5997923ef7e4892bc0a62a354ee6153e396","2.42","Buy"
"0x9ac98e60d02567d7c4fd0185a9858c5ec5a113a81486ab39f757227be38c9287","13350675","1639131950","2021-12-10 10:25:50","0x4a63f4113eb45d8f25132757005a5be5bf4951c0","0xf8c4b102a36d65a8925e8cab8e8bad6a53e67f70","25","Buy"
"0x93ffb39a221f60392153224f4d2c07495598e56f77fed6cbf3ad8e90dd444a96","13350888","1639132589","2021-12-10 10:36:29","0x4a63f4113eb45d8f25132757005a5be5bf4951c0","0xec16fa1b5ceb6cd2612903cd3e24a54ee1172d14","10","Buy"
"0x2dc59fbf7f582d6e7486da629fd892462f4fe902ab18e5bf91c825ddb7a2765f","13351096","1639133213","2021-12-10 10:46:53","0x4a63f4113eb45d8f25132757005a5be5bf4951c0","0x9d4b2d96517250b8d84fbc54a1dee45901309028","5","Buy"
"0x7de381a7270d183687c436da62c7e35953fcf5ae3868971495ba1d1ade94783f","13351176","1639133453","2021-12-10 10:50:53","0x4a63f4113eb45d8f25132757005a5be5bf4951c0","0x1f53ca6e83deefb7658a3ad6cab13fa65fbee97b","63","Buy"
"0x8c2273be69b81c299ff04601aeec3510df54eb7b5bbe25be78bc58f9521f91e9","13351978","1639135859","2021-12-10 11:30:59","0x4a63f4113eb45d8f25132757005a5be5bf4951c0","0x00ff38a24500c4397e5255914813dceeed83cc8d","5","Buy"
"0x5452e61d5d46ec3c726f0d6b7423af00358640cdf9e629108097892b4db8081c","13353124","1639139349","2021-12-10 12:29:09","0x4a63f4113eb45d8f25132757005a5be5bf4951c0","0x6e1e12b87338217066eb1d1890e8b4989b82b08d","3","Buy"
"0x184b6c249c0b1da4e8eb3b63a2c0c2b48678add89790af44b62e344cca206efc","13355537","1639146726","2021-12-10 14:32:06","0x4a63f4113eb45d8f25132757005a5be5bf4951c0","0x1b60093301f6fda11f8448bbd042eb74222fb914","88","Buy"
"0x7a023f0410945dcb86f7dbe60831065ff6c477bb0171ee7fc6627344bcff7571","13357044","1639151296","2021-12-10 15:48:16","0x4a63f4113eb45d8f25132757005a5be5bf4951c0","0xd4adc8ffc1e17148e142696e7e23d5f238860b88","90","Buy"
"0x7ab6638e05610c0ee46528a76138f80c74f6a15625bd34bef0a705e4ca411e5c","13358014","1639154225","2021-12-10 16:37:05","0x4a63f4113eb45d8f25132757005a5be5bf4951c0","0x00336be3ae31f50882bfe641cb6c23d21d514b99","1","Buy"
"0xfa0d7acab6d7bb789c49b46e025d6c220849bca4b7269eeabb0730ad2c8e6dea","13359204","1639157795","2021-12-10 17:36:35","0x4a63f4113eb45d8f25132757005a5be5bf4951c0","0x00336be3ae31f50882bfe641cb6c23d21d514b99","1","Buy"
"0xb1431d3847eff0c3ee32b348f80c52a0f7aae316a75cbc88bcad08aaf5e2267b","13360987","1639163155","2021-12-10 19:05:55","0x4a63f4113eb45d8f25132757005a5be5bf4951c0","0xeaca93bb3a76496a9781c4eeb39f83f1f3f3fccf","88","Buy"
"0x817f7410d387abc76049b02e93980d56eb86edb9c1294b986bcb4114ccc26f49","13363323","1639170163","2021-12-10 21:02:43","0x4a63f4113eb45d8f25132757005a5be5bf4951c0","0x2fc3f7b05d1166837ac6cbe0fef9d2e6429dcc1f","4","Buy"
"0xd28b900bbdf5e88e17970bcf462b36e96cf79c7d2efeac45d1abd003eb688301","13364580","1639173935","2021-12-10 22:05:35","0x4a63f4113eb45d8f25132757005a5be5bf4951c0","0xebcb45b2900ed4ee474593c1c30ad4fd47f229c8","88","Buy"
"0x4370ae9be9dc7f73c15470070ab9e8e521e0a468194b32b821a5571ce7d4decf","13364980","1639175135","2021-12-10 22:25:35","0x4a63f4113eb45d8f25132757005a5be5bf4951c0","0x18db2fc44efd5698a55e436ab274ec0fbb2d8741","17","Buy"
"0x1459a466092fe4d45c90bda5aaad4f65db24d36522d797b306ec329878c0e084","13364998","1639175189","2021-12-10 22:26:29","0x4a63f4113eb45d8f25132757005a5be5bf4951c0","0x934256c53ecfef04c0515f0efe8e0d6082c079f6","100","Buy"
"0x85a4da3a03d6693891398aaeb3e3c521f61a36e1e780df747f3aeb72b05fe0e3","13366350","1639179245","2021-12-10 23:34:05","0x4a63f4113eb45d8f25132757005a5be5bf4951c0","0x73ee609dab95cf05c28d5131ba0ed174f6365c2a","50","Buy"
"0x2e26e4a78fe3dd4fe16e7f0a1732a6279744df5b239a49ca17c1e73a43fd66c2","13366402","1639179401","2021-12-10 23:36:41","0x4a63f4113eb45d8f25132757005a5be5bf4951c0","0x73ee609dab95cf05c28d5131ba0ed174f6365c2a","39","Buy"
"0xed69970ce4809eb163b9ad7f82ed1acda58ee9ef298b8448aa5b449650f300f4","13367052","1639181351","2021-12-11 00:09:11","0x4a63f4113eb45d8f25132757005a5be5bf4951c0","0xe6235d509dec5e4e57257d2bd87d279e140edf48","10","Buy"
"0x47109316bc2df00a6f30269e74c01ed1b0005b6c8f027f1395e32e94a294902a","13367483","1639182644","2021-12-11 00:30:44","0x4a63f4113eb45d8f25132757005a5be5bf4951c0","0x8cc1981bb6b698a5b39bc4d70c7781600474bb95","13","Buy"
"0x37aaec9443ee8cf05593aa2aa7a4b9f778c7a71b422bd73e8cb42ac73a4b3632","13367858","1639183771","2021-12-11 00:49:31","0x4a63f4113eb45d8f25132757005a5be5bf4951c0","0x330861c32f365395020c6642b6fdf5178a43ea03","10","Buy"
"0xcd6eac7b8869dd878752b034a3c310d2780fa638bff596c859c3d1fa3ba571ba","13368582","1639185945","2021-12-11 01:25:45","0x4a63f4113eb45d8f25132757005a5be5bf4951c0","0x9f785b6afffc8b73cb58c3a628a9c56dd66be1e3","88","Buy"
"0x71aeb96321a9a9e9ede3a21139c3a2f72bcffbae3d79301f78f19dfe929a43f5","13368665","1639186194","2021-12-11 01:29:54","0x4a63f4113eb45d8f25132757005a5be5bf4951c0","0xc02ab81ff1b0cc2ee5942fc0c3b1ea9f6db9ef54","43","Buy"
"0xcd2b12a589ccb873daa0d762b278a5352823895e9f258d4314c9a7adebff8e23","13369117","1639187550","2021-12-11 01:52:30","0x4a63f4113eb45d8f25132757005a5be5bf4951c0","0x8a664e13ca948340caebaa95e8972b5d5e045e73","88","Buy"
"0x024ca05ec2b3410158f0a9b75ce33fc215605e516968fa6459126e016d7af33d","13370508","1639191725","2021-12-11 03:02:05","0x4a63f4113eb45d8f25132757005a5be5bf4951c0","0xb6d06d39651539c931449a64bd5f861f5e2609f6","88","Buy"
"0x35fedbb72e79a7f226244662a15e5272e6022b49176ef6e4ddaa1cc1d805cb72","13370927","1639192982","2021-12-11 03:23:02","0x4a63f4113eb45d8f25132757005a5be5bf4951c0","0x41c1e4a339cf8b49ff86ffba389033f27411fc03","88","Buy"
"0xc81ee438b58a788a46eb3b8b0bf6c45d73625755866b5e697154ed6eed77f1c8","13372067","1639196402","2021-12-11 04:20:02","0x4a63f4113eb45d8f25132757005a5be5bf4951c0","0xddbf46f06c7c779934fcb0e474a386ec66d77201","88","Buy"
"0xba16fceecf562c1a486e5862f8d58a713c3219c568a46591658401444e1abeae","13372113","1639196540","2021-12-11 04:22:20","0x4a63f4113eb45d8f25132757005a5be5bf4951c0","0x4e30da3a1fcaa2cd8ed4d1d21fa671ebbf645237","102.21","Buy"
"0xb0318ad4664d4bcc20352e5033af673546296b32fbc9dc2dc86abb4759f5ef5d","13372141","1639196624","2021-12-11 04:23:44","0x4a63f4113eb45d8f25132757005a5be5bf4951c0","0x8d2316cf4e04561ed93c1a3240dfdf29ed854917","88","Buy"
"0x80779d082af35744b086938ea4cd9ec701d911929a474294898692de12090596","13372291","1639197074","2021-12-11 04:31:14","0x4a63f4113eb45d8f25132757005a5be5bf4951c0","0x988c08478f32979b6f8941bed55ec51a8a456efa","88","Buy"
"0xd3f34709efb678ede684dad72cee025a27dd356d72a0f49dbcd53876f43496e1","13372530","1639197791","2021-12-11 04:43:11","0x4a63f4113eb45d8f25132757005a5be5bf4951c0","0xd86cd26d3c0de69760b381676603a570ad620695","65","Buy"
"0xdbef69338d37a66ca9466a4dc1e24399331fbccb6aefdbcb610cdf587502c57a","13373541","1639200824","2021-12-11 05:33:44","0x4a63f4113eb45d8f25132757005a5be5bf4951c0","0xbac2a9143a5f3f85f7cb02a4d6752a918589afcd","88","Buy"
"0xa8ba00006e3bd249be359d162d6c357b87da5c5e0efba62dc402fd23ff2e6910","13374244","1639202933","2021-12-11 06:08:53","0x4a63f4113eb45d8f25132757005a5be5bf4951c0","0xb06f647e31be27e9e94eda5f5bbca64cb8ab5e90","88","Buy"
"0xff2a26e966fb1144d0e29cf08f32e53a2c3693cab4361c7d7d95911d071a620e","13374945","1639205036","2021-12-11 06:43:56","0x4a63f4113eb45d8f25132757005a5be5bf4951c0","0x3ea45d2cce5c128bc6cc1e2173b4ba70778c4cc0","88","Buy"
"0x3a9a16f248b1a062bee56dcb672824973cf616ac7debdd322e58855ef0f34c82","13375704","1639207313","2021-12-11 07:21:53","0x4a63f4113eb45d8f25132757005a5be5bf4951c0","0xac7b594fa6e1f61dba3fcdb1d743e3019307e702","88","Buy"
"0x71dbe3d7179a3bc76a99d14870026c80c71be0d70dd65ba51e71d01197b125e8","13375729","1639207388","2021-12-11 07:23:08","0x4a63f4113eb45d8f25132757005a5be5bf4951c0","0x9238eb2f27d08feb69f26d44a1b49c67e84f886e","20","Buy"
"0xc356623d4da8fefc2f5e64e959a5285078cf3f25bcbf9abc59f6918ef19fcaa5","13378847","1639216744","2021-12-11 09:59:04","0x4a63f4113eb45d8f25132757005a5be5bf4951c0","0xe7b5392789ed926e06b114b65a743f6eff37bdee","100","Buy"
